,UPTD Gudang Farmasi ,Puskesmas Balas Klumprik ,Puskesmas Banyu Urip ,Puskesmas Dukuh Kupang ,Puskesmas Gayungan ,Puskesmas Jagir ,Puskesmas Jemursari ,Puskesmas Kebonsari ,Puskesmas Kedurus ,Puskesmas Ngagel Rejo ,Puskesmas Pakis ,Puskesmas Putat Jaya ,Puskesmas Sawahan ,Puskesmas Sidosermo ,Puskesmas Siwalankerto ,Puskesmas Wiyung ,Puskesmas Wonokromo ,Pustu Babatan,Pustu Bendul Merisi,Pustu Dukuh Menanggal,Pustu Gunungsari,Pustu Jambangan,Pustu Karah,Pustu Kebraon,Pustu Ketintang,Pustu Margorejo,Pustu Pagesangan,Pustu Petemon,Pustu Pradah Kali Kendal,Pustu Putat Jaya,Pustu Sawunggaling,Pustu Simokatrungan,Pustu Warugunung
UPTD Gudang Farmasi ,0.0,15.11,13.83,15.82,11.43,7.71,6.54,13.09,16.46,7.72,12.09,14.37,13.67,6.63,10.53,16.26,11.06,24.08,9.72,10.17,14.16,14.74,12.6,16.5,12.6,9.62,15.54,15.29,19.69,17.4,13.48,14.07,15.84
Puskesmas Balas Klumprik ,14.92,0.0,14.61,13.52,8.04,11.64,9.99,6.83,5.45,12.6,12.87,15.14,14.44,14.39,10.92,4.79,10.19,14.72,15.44,8.83,9.34,8.09,10.34,5.5,10.34,13.08,6.86,15.54,15.42,16.02,10.16,14.85,5.46
Puskesmas Banyu Urip ,11.35,15.44,0.0,5.5,11.76,5.97,8.97,12.59,12.57,7.13,4.14,5.98,4.15,9.33,10.86,16.59,7.42,15.39,9.76,10.5,11.0,11.57,11.31,15.95,11.31,8.97,14.46,3.39,10.94,4.51,7.43,0.49,16.16
Puskesmas Dukuh Kupang ,12.88,12.89,5.6,0.0,11.31,7.5,10.5,11.26,8.65,8.89,4.04,3.82,5.99,10.86,12.4,12.4,8.95,12.75,11.29,12.03,8.98,10.25,9.98,12.02,9.98,10.51,13.14,6.23,8.36,4.1,7.24,5.83,14.33
Puskesmas Gayungan ,10.06,9.02,9.75,11.74,0.0,6.79,5.13,3.04,10.37,7.75,8.01,10.29,9.59,9.53,6.63,10.18,6.98,18.6,10.58,6.05,9.28,4.7,6.2,10.42,6.2,8.22,4.83,11.21,15.61,13.31,9.4,9.99,9.75
Puskesmas Jagir ,9.95,11.48,8.02,10.01,7.8,0.0,5.01,9.46,8.63,6.07,6.28,8.55,7.85,5.05,6.9,12.63,5.25,18.27,4.43,6.54,8.45,8.39,6.89,12.87,6.89,4.81,11.91,9.48,13.88,11.58,7.67,8.26,12.21
Puskesmas Jemursari ,6.38,10.28,9.01,11.0,6.61,6.04,0.0,8.26,11.63,7.01,7.27,9.54,8.84,7.04,5.71,11.44,6.24,19.26,7.96,5.35,9.34,9.92,7.78,11.68,7.78,7.48,10.72,10.47,14.87,12.57,8.66,9.25,11.01
Puskesmas Kebonsari ,10.58,6.64,10.27,10.94,3.34,7.31,5.65,0.0,6.86,8.27,8.53,10.8,10.1,10.05,7.54,7.8,6.97,16.0,11.1,7.17,6.68,2.1,4.61,8.04,4.61,8.74,3.03,11.73,13.03,13.83,7.34,10.51,7.37
Puskesmas Kedurus ,12.31,5.34,9.47,9.28,7.11,6.93,11.31,8.15,0.0,8.7,7.72,11.46,9.3,10.29,12.25,4.86,5.94,11.65,10.72,10.16,5.09,6.36,6.09,4.47,6.09,9.94,8.18,11.3,11.18,11.78,5.92,9.7,6.78
Puskesmas Ngagel Rejo ,8.0,12.86,6.87,8.88,9.18,3.36,6.39,10.84,10.3,0.0,5.15,7.41,6.73,6.25,8.29,14.01,5.45,17.14,7.15,7.92,10.12,9.29,8.5,14.25,8.5,6.4,13.3,8.34,12.76,10.44,6.55,7.11,13.59
Puskesmas Pakis ,9.97,14.06,3.81,3.84,10.38,4.59,7.59,11.21,9.8,5.75,0.0,1.95,3.65,7.95,9.48,15.21,6.04,14.46,8.38,9.12,9.62,10.2,9.93,13.17,9.93,7.59,13.09,5.28,10.07,7.38,6.05,4.05,14.79
Puskesmas Putat Jaya ,13.42,14.0,5.84,3.24,12.42,8.04,11.05,12.37,9.76,9.21,2.18,0.0,6.23,11.4,12.94,13.51,9.49,13.86,11.84,12.57,10.09,11.36,11.09,13.13,11.09,11.05,14.25,7.3,9.47,5.91,8.05,6.07,15.44
Puskesmas Sawahan ,10.03,14.12,3.11,5.37,10.45,4.66,7.66,11.27,9.87,5.82,2.83,3.64,0.0,8.01,9.55,15.28,6.11,15.98,8.45,9.19,9.69,10.26,10.0,13.24,10.0,7.66,13.15,4.28,11.59,6.67,6.11,3.35,14.85
Puskesmas Sidosermo ,5.89,15.21,9.96,11.95,11.53,5.11,6.14,13.19,11.56,6.35,8.22,10.49,9.79,0.0,10.63,16.36,7.18,20.21,7.12,10.27,11.38,11.02,10.23,16.61,10.23,7.97,15.65,11.42,15.82,13.52,9.61,10.2,15.94
Puskesmas Siwalankerto ,11.66,9.69,11.35,13.34,6.01,8.39,6.73,7.67,11.04,9.35,9.61,11.88,11.19,11.13,0.0,10.85,8.58,21.48,12.18,3.84,11.68,9.33,10.12,11.09,10.12,9.82,10.13,12.81,17.21,14.91,11.0,11.59,10.42
Puskesmas Wiyung ,16.11,4.94,15.8,13.07,9.23,12.84,11.18,8.02,5.0,13.8,14.06,15.25,15.63,15.58,12.12,0.0,9.73,11.87,16.63,10.02,8.88,9.28,9.88,3.35,9.88,14.27,8.05,15.09,12.61,15.57,9.71,16.04,6.65
Puskesmas Wonokromo ,9.36,9.96,7.64,9.63,9.06,5.11,8.11,6.49,5.72,5.65,5.9,8.18,7.48,7.34,10.0,9.48,0.0,14.86,8.9,9.64,5.54,5.47,4.21,9.1,4.21,8.11,8.37,9.11,11.89,11.21,6.2,7.88,12.06
Pustu Babatan,22.04,14.42,17.17,13.21,15.41,16.66,19.67,15.67,12.47,18.05,15.6,15.38,17.56,20.02,21.02,11.51,14.24,0.0,20.46,18.93,13.39,14.66,14.39,14.86,14.39,19.67,17.55,16.05,9.22,15.71,14.22,17.31,18.15
Pustu Bendul Merisi,9.19,13.61,10.15,12.14,9.94,4.59,7.15,11.59,10.77,8.2,8.41,10.69,9.99,7.17,9.04,14.77,7.38,20.4,0.0,8.68,10.59,10.52,9.03,15.01,9.03,4.22,14.05,11.62,16.02,13.72,9.8,10.39,14.34
Pustu Dukuh Menanggal,11.35,9.38,11.04,13.03,5.7,8.08,6.42,7.36,10.73,9.04,9.3,11.57,10.88,10.82,3.67,10.54,8.27,21.17,11.87,0.0,11.37,9.02,9.81,10.78,9.81,9.51,9.82,12.5,16.9,14.6,10.69,11.28,10.11
Pustu Gunungsari,11.84,8.53,9.0,8.03,7.7,6.46,9.46,6.9,4.29,8.23,7.25,10.2,8.83,9.82,11.35,8.05,5.47,13.43,10.25,11.21,0.0,5.89,5.62,7.66,5.62,9.47,8.78,11.53,10.11,10.53,5.45,9.24,9.97
Pustu Jambangan,12.3,8.18,11.99,10.25,5.06,9.03,7.37,2.48,6.17,9.99,10.25,12.52,11.82,11.77,9.26,9.33,6.28,15.3,12.82,8.9,5.99,0.0,3.46,9.57,3.46,10.46,4.18,13.45,12.34,12.75,6.65,12.23,8.91
Pustu Karah,11.67,10.52,9.97,10.36,8.44,7.0,7.39,5.86,6.28,7.96,8.23,10.5,9.8,9.65,9.29,10.04,4.84,15.42,10.79,8.92,6.1,4.45,0.0,9.65,0.0,10.0,7.57,11.43,12.45,12.87,6.76,10.21,12.62
Pustu Kebraon,16.41,5.5,12.93,12.75,9.53,10.4,11.47,8.31,4.67,14.09,11.19,14.92,12.77,15.88,12.41,3.3,9.41,15.12,14.19,10.32,8.56,9.58,9.56,0.0,9.56,14.56,8.35,14.76,14.64,15.25,9.38,13.17,6.94
Pustu Ketintang,11.67,10.52,9.97,10.36,8.44,7.0,7.39,5.86,6.28,7.96,8.23,10.5,9.8,9.65,9.29,10.04,4.84,15.42,10.79,8.92,6.1,4.45,0.0,9.65,0.0,10.0,7.57,11.43,12.45,12.87,6.76,10.21,12.62
Pustu Margorejo,10.39,11.92,8.46,10.45,8.24,5.54,5.45,9.9,9.07,6.51,6.71,8.99,8.29,7.44,7.34,13.07,5.69,18.71,4.15,6.98,8.89,8.82,7.33,13.31,7.33,0.0,12.35,9.92,14.32,12.02,8.11,8.7,12.65
Pustu Pagesangan,13.0,6.94,12.68,12.69,4.65,9.72,8.06,3.17,8.29,10.68,10.94,13.22,12.52,12.46,9.95,8.1,8.72,18.73,13.51,8.53,8.43,4.06,6.56,8.34,6.56,11.15,0.0,14.15,14.78,15.19,9.09,12.92,7.67
Pustu Petemon,12.09,16.18,4.15,6.43,12.5,6.71,9.71,13.33,13.51,7.88,4.89,6.72,3.96,10.07,11.6,17.33,8.16,16.32,10.5,11.24,11.74,12.32,12.05,16.88,12.05,9.71,15.21,0.0,11.88,6.43,8.17,4.12,16.91
Pustu Pradah Kali Kendal,16.83,14.84,11.95,7.99,13.5,11.45,14.45,14.6,11.79,12.84,10.39,10.17,12.34,14.81,16.34,11.93,12.9,8.41,15.24,15.98,12.32,13.59,13.32,15.16,13.32,14.46,16.48,10.84,0.0,10.49,11.19,12.09,17.47
Pustu Putat Jaya,12.99,14.41,5.4,3.66,12.83,7.61,10.61,12.78,10.17,8.77,4.76,3.62,5.79,10.97,12.5,13.93,9.06,14.27,11.4,12.14,10.5,11.77,11.5,13.54,11.5,10.61,14.66,6.86,9.88,0.0,8.76,4.43,15.85
Pustu Sawunggaling,10.36,10.31,7.52,6.82,10.78,4.99,7.99,7.48,6.07,6.75,5.78,8.05,7.36,8.35,9.88,9.83,6.44,15.08,8.78,9.52,5.89,6.47,6.2,9.45,6.2,7.99,9.36,8.98,10.69,11.09,0.0,7.76,11.75
Pustu Simokatrungan,11.63,15.72,0.66,5.78,12.05,6.26,9.26,12.88,12.85,7.42,4.43,6.27,4.44,9.62,11.15,16.88,7.71,15.67,10.05,10.79,11.29,11.87,11.6,16.23,11.6,9.26,14.75,3.67,11.22,4.34,7.72,0.0,16.45
Pustu Warugunung,15.68,5.54,15.37,14.96,8.8,12.4,10.74,7.58,6.89,13.36,13.62,15.9,15.2,15.15,11.68,6.69,12.59,17.33,16.19,9.59,10.78,8.85,11.35,6.94,11.35,13.84,7.61,16.83,16.86,17.46,11.6,15.6,0.0
