,UPTD Gudang Farmasi ,Puskesmas Gading ,Puskesmas Gunung Anyar ,Puskesmas Kalijudan ,Puskesmas Kalirungkut ,Puskesmas Keputih ,Puskesmas Klampis Ngasem ,Puskesmas Medokan Ayu ,Puskesmas Menur ,Puskesmas Mojo ,Puskesmas Mulyorejo ,Puskesmas Pacar Keling ,Puskesmas Pucang Sewu ,Puskesmas Rangkah ,Puskesmas Tenggilis ,Pustu Baratajaya,Pustu Gebang Putih,Pustu Gubeng Klingsingan,Pustu Karang Empat,Pustu Kutisari,Pustu Medokan Ayu,Pustu Medokan Semampir,Pustu Penjaringan Sari,Pustu Rungkut Kidul,Pustu Rungkut Menanggal,Pustu Semolowaru,Pustu Sutorejo,Pustu Mulyorejo / wisma permai
UPTD Gudang Farmasi ,0.0,12.435,4.038,9.179,0.287,7.521,5.537,3.833,4.15,8.28,8.155,9.903,6.83,11.729,3.977,4.27,6.894,7.848,12.217,4.432,4.301,4.47,2.699,1.944,2.134,3.534,8.885,7.303
Puskesmas Gading ,12.494,0.0,13.395,4.548,12.39,9.9,8.007,13.189,9.697,6.464,4.713,2.718,8.426,1.743,12.935,9.33,7.283,5.771,2.231,16.285,13.658,9.485,12.056,13.065,13.996,9.073,5.198,5.768
Puskesmas Gunung Anyar ,3.472,13.515,0.0,10.26,3.368,8.602,6.617,4.156,6.855,9.361,9.236,12.608,9.535,12.81,6.682,6.975,7.974,10.553,13.297,5.826,4.624,5.551,3.78,2.33,1.933,4.615,9.965,8.384
Puskesmas Kalijudan ,10.416,4.404,11.316,0.0,10.312,7.822,5.929,11.111,8.371,3.112,2.635,2.244,8.267,3.698,10.857,8.906,5.205,4.681,4.186,14.296,11.579,7.407,9.978,10.987,11.918,6.995,3.364,3.689
Puskesmas Kalirungkut ,0.104,12.525,4.128,9.27,0.0,7.612,5.627,3.923,4.24,8.371,8.245,9.994,6.921,11.82,4.068,4.36,6.984,7.938,12.307,4.523,4.391,4.561,2.79,2.034,2.224,3.625,8.975,7.394
Puskesmas Keputih ,8.08,10.436,8.98,7.181,7.976,0.0,3.593,8.775,5.913,6.282,6.156,9.82,6.668,9.73,8.521,6.448,3.583,7.764,10.218,11.96,9.243,5.071,7.642,8.651,9.582,4.659,5.397,5.304
Puskesmas Klampis Ngasem ,5.614,7.933,6.514,4.677,5.509,3.019,0.0,6.309,3.259,3.778,3.653,7.316,4.013,7.227,6.055,3.793,2.392,5.26,7.715,9.494,6.777,2.604,5.175,6.184,7.116,2.193,4.383,2.801
Puskesmas Medokan Ayu ,3.504,13.547,3.983,10.292,3.4,8.634,6.649,0.0,6.887,9.393,9.267,12.64,9.567,12.841,6.714,7.007,8.006,10.585,13.329,6.963,1.862,5.583,1.599,3.654,4.585,4.647,9.997,8.415
Puskesmas Menur ,4.321,9.62,7.187,7.987,4.217,6.329,2.46,6.982,0.0,4.932,6.962,6.206,3.158,7.4,5.123,1.124,5.701,4.15,7.343,8.412,7.45,3.277,5.848,6.858,5.872,2.282,7.692,6.11
Puskesmas Mojo ,8.77,7.228,10.559,4.844,8.666,7.065,4.736,10.354,5.244,0.0,3.819,4.045,5.139,5.239,10.101,5.778,4.448,2.921,5.181,14.44,10.823,6.65,9.221,10.23,11.161,6.238,4.549,2.967
Puskesmas Mulyorejo ,8.715,5.251,9.615,1.996,8.611,6.121,4.228,9.41,6.67,3.409,0.0,4.328,6.566,4.545,9.156,7.205,3.504,4.825,5.033,12.595,9.878,5.706,8.277,9.286,10.217,5.294,1.147,1.988
Puskesmas Pacar Keling ,10.085,3.15,14.184,2.396,9.98,10.689,7.058,13.979,6.559,5.104,5.502,0.0,5.633,1.714,10.886,6.332,8.072,3.289,1.656,14.809,14.447,10.274,12.845,13.855,11.636,9.863,5.988,6.557
Puskesmas Pucang Sewu ,5.834,7.686,9.128,7.408,5.73,5.796,2.865,8.922,2.308,4.646,6.383,4.409,0.0,5.603,6.636,1.819,5.122,2.331,5.545,10.173,9.391,5.581,7.789,8.799,7.385,4.585,7.113,5.531
Puskesmas Rangkah ,10.555,1.813,12.847,4.0,10.451,9.352,7.459,12.642,7.029,5.575,4.165,1.829,8.737,0.0,12.388,6.802,6.735,3.759,1.342,16.596,13.11,8.937,11.508,12.518,13.449,8.526,4.651,5.22
Puskesmas Tenggilis ,2.19,13.092,5.627,10.764,2.086,9.106,6.623,6.009,3.925,8.404,9.74,9.678,6.605,10.873,0.0,4.045,8.478,7.622,10.815,4.846,6.478,6.055,4.876,3.551,3.741,5.119,10.469,8.888
Pustu Baratajaya,4.675,9.651,7.969,7.705,4.571,6.093,3.162,7.764,1.149,4.943,6.68,6.217,2.545,7.411,5.477,0.0,5.419,4.161,7.354,9.466,8.232,4.422,6.63,7.64,6.226,3.426,7.41,5.828
Pustu Gebang Putih,7.188,7.589,8.088,4.334,7.084,3.594,2.701,7.883,5.143,3.435,3.309,6.973,5.039,6.884,7.629,5.678,0.0,4.917,7.371,11.068,8.351,4.178,6.749,7.759,8.69,3.767,4.039,2.458
Pustu Gubeng Klingsingan,8.549,5.701,11.843,5.212,8.445,8.617,5.522,11.637,5.023,4.162,7.261,3.438,3.752,6.034,9.351,4.655,6.0,0.0,5.976,11.611,12.106,8.202,10.504,12.98,13.169,7.3,7.991,6.409
Pustu Karang Empat,10.278,3.385,14.419,2.59,10.174,10.925,7.252,14.214,6.752,5.298,5.737,1.553,5.827,1.949,11.08,6.526,8.308,3.483,0.0,15.002,14.682,10.509,13.08,14.09,11.829,9.03,6.223,6.792
Pustu Kutisari,5.962,15.043,7.204,13.44,5.858,11.949,8.897,8.91,6.199,10.678,12.415,15.86,9.808,15.377,4.557,6.319,11.154,10.982,15.319,0.0,9.378,8.898,8.534,5.128,5.318,7.902,13.145,11.564
Pustu Medokan Ayu,4.511,14.554,4.616,11.299,4.407,9.641,7.656,1.93,7.894,10.4,10.274,13.647,10.574,13.848,7.721,8.014,9.013,11.591,14.336,7.609,0.0,6.59,2.653,4.3,5.231,5.654,11.004,9.422
Pustu Medokan Semampir,5.037,10.517,5.938,7.261,4.933,3.369,3.619,5.732,4.231,6.362,6.237,9.9,6.912,9.811,5.479,4.351,4.976,7.845,10.299,8.918,6.201,0.0,4.599,5.608,6.539,1.616,6.967,5.385
Pustu Penjaringan Sari,2.988,13.032,3.888,9.776,2.884,8.118,6.133,1.558,6.371,8.877,8.752,12.125,9.052,12.326,6.198,6.491,7.49,10.069,12.813,6.868,2.576,5.067,0.0,3.559,4.49,4.131,9.481,7.9
Pustu Rungkut Kidul,1.046,14.049,3.136,10.794,0.942,9.136,7.151,4.69,4.804,9.895,9.77,10.558,7.484,13.344,7.038,4.924,8.508,8.502,13.831,4.258,5.158,6.085,4.314,0.0,1.88,5.149,10.499,8.918
Pustu Rungkut Menanggal,3.444,17.158,1.885,11.552,3.339,9.894,7.909,5.448,6.709,10.653,10.527,12.463,11.922,17.491,6.672,6.829,9.266,13.096,17.433,3.893,5.916,6.843,5.072,2.367,0.0,5.907,11.257,9.675
Pustu Semolowaru,4.138,8.992,5.038,5.736,4.034,4.078,2.093,4.833,2.699,4.837,4.712,8.453,5.38,8.286,4.579,2.819,3.45,6.397,8.773,8.018,5.301,1.129,3.7,4.709,5.64,0.0,5.441,3.86
Pustu Sutorejo,9.445,5.74,10.345,2.725,9.341,5.359,4.957,10.14,7.4,4.139,1.147,5.057,7.295,5.034,9.886,7.934,4.233,5.555,5.521,13.325,10.608,6.435,9.006,10.015,10.947,6.024,0.0,2.718
Pustu Mulyorejo / wisma permai,7.746,6.348,8.646,3.092,7.642,5.152,3.259,8.441,5.701,2.44,2.068,5.41,5.597,5.642,8.187,6.236,2.535,5.475,6.13,11.626,8.909,4.737,7.307,8.317,9.248,4.325,2.798,0.0
